native_exponential_bias,eta_exponential5,native_uniform_bias,native_uniform,eta_uniform5,native_normal_bias,native_normal,eta_45_normal
Italy,6,Ireland,Poland,46,Thailand,USA,57
Haiti,18,Canada,Japan,8,Italy,USA,31
Japan,22,Germany,Thailand,63,Germany,South,35
Cambodia,18,Japan,England,23,Thailand,Ecuador,1
Iran,26,Mexico,Dominican-Republic,25,Thailand,Canada,21
India,50,Hong,Cuba,27,Honduras,USA,14
Hungary,19,Peru,Philippines,9,Guatemala,USA,21
Hungary,13,Italy,Guatemala,97,Thailand,Greece,47
Poland,1,Mexico,China,1,Thailand,USA,31
United-States,33,Vietnam,Columbia,1,Iran,USA,62
Columbia,62,Jamaica,Thailand,95,Holand-Netherlands,Philippines,62
Thailand,41,South,Taiwan,100,Iran,USA,51
Columbia,18,United-States,Scotland,79,England,USA,47
Taiwan,49,Poland,Philippines,9,Holand-Netherlands,USA,45
Haiti,15,Taiwan,Cambodia,35,Thailand,USA,41
Italy,1,Guatemala,Portugal,14,Thailand,USA,55
Haiti,5,Germany,Canada,12,Thailand,Haiti,36
Dominican-Republic,51,Haiti,Iran,25,Thailand,Germany,23
Ecuador,17,Outlying-US(Guam-USVI-etc),Germany,1,Thailand,USA,18
Scotland,3,Holand-Netherlands,El-Salvador,48,Thailand,Nicaragua,26
India,35,Japan,Hong,75,United-States,Poland,23
Philippines,43,Cambodia,Outlying-US(Guam-USVI-etc),66,Jamaica,USA,53
Greece,1,Hungary,China,74,Thailand,USA,39
Ecuador,22,Peru,United-States,37,Thailand,USA,12
Yugoslavia,18,Vietnam,Outlying-US(Guam-USVI-etc),100,Haiti,USA,56
Hungary,56,Ireland,Ecuador,61,Canada,USA,72
Jamaica,35,Yugoslavia,Guatemala,35,Thailand,USA,58
Canada,8,Cambodia,Jamaica,83,Ecuador,Vietnam,57
Ecuador,1,Yugoslavia,Portugal,98,Laos,USA,46
Philippines,28,Taiwan,El-Salvador,12,Holand-Netherlands,USA,59
Canada,1,Poland,El-Salvador,97,Thailand,USA,38
Dominican-Republic,14,India,England,40,Ireland,Mexico,56
Hungary,51,Ecuador,Germany,100,Portugal,Hong,41
Yugoslavia,3,Japan,Guatemala,58,Mexico,USA,27
Hungary,13,Poland,Ecuador,91,India,USA,88
Hungary,64,Japan,China,22,Thailand,USA,59
Portugal,49,Outlying-US(Guam-USVI-etc),Italy,88,Cambodia,USA,48
Scotland,26,Nicaragua,Japan,5,Laos,Nicaragua,56
Honduras,18,El-Salvador,Hong,32,Thailand,USA,53
Iran,1,Holand-Netherlands,China,23,Hungary,USA,10
India,1,Poland,Hong,60,Portugal,Jamaica,34
Nicaragua,1,Columbia,Holand-Netherlands,48,Hungary,Yugoslavia,47
Poland,8,Columbia,Thailand,88,Thailand,USA,47
El-Salvador,6,Columbia,Columbia,80,Thailand,USA,27
Nicaragua,75,El-Salvador,Greece,62,Honduras,India,25
Greece,1,Iran,Laos,27,Canada,Mexico,41
Thailand,11,Greece,Dominican-Republic,75,El-Salvador,Jamaica,52
China,9,Jamaica,Haiti,33,Thailand,USA,41
Philippines,39,Honduras,Japan,60,Poland,USA,47
Trinadad&Tobago,67,Yugoslavia,Puerto-Rico,43,Yugoslavia,Yugoslavia,29
Trinadad&Tobago,7,United-States,Peru,1,Portugal,USA,82
Yugoslavia,1,Taiwan,South,90,Thailand,Greece,22
Poland,65,Philippines,Cambodia,51,Thailand,USA,52
Hungary,1,Laos,Taiwan,49,Scotland,Jamaica,5
Dominican-Republic,6,Philippines,El-Salvador,85,Columbia,USA,67
Japan,62,Hong,Peru,67,Thailand,USA,15
Philippines,17,Hungary,Hungary,78,France,Honduras,68
Hungary,13,Philippines,China,25,Thailand,USA,46
Philippines,1,Cuba,Haiti,49,Thailand,France,48
Trinadad&Tobago,30,Jamaica,China,1,Thailand,USA,33
Canada,1,Trinadad&Tobago,Dominican-Republic,79,Thailand,USA,32
Thailand,63,Nicaragua,England,32,Thailand,Dominican-Republic,24
Ecuador,1,Holand-Netherlands,Japan,37,Hungary,USA,69
Hungary,1,Haiti,Laos,74,Thailand,USA,39
El-Salvador,11,Poland,France,64,Thailand,Trinadad&Tobago,59
Poland,12,Honduras,Cuba,13,France,Laos,55
South,1,Cambodia,Ireland,58,Thailand,USA,21
Italy,23,Ireland,Jamaica,93,Thailand,USA,46
Hungary,63,Taiwan,Jamaica,68,Thailand,USA,7
Greece,62,Cambodia,Japan,19,Thailand,USA,48
Iran,100,Haiti,Cuba,70,Taiwan,USA,30
Ecuador,17,Cuba,El-Salvador,100,Outlying-US(Guam-USVI-etc),USA,6
Outlying-US(Guam-USVI-etc),43,Guatemala,Canada,43,Thailand,USA,34
Ecuador,29,United-States,India,100,Philippines,South,43
Hungary,26,Holand-Netherlands,Poland,72,Thailand,South,48
Thailand,7,Puerto-Rico,Iran,44,Thailand,El-Salvador,1
Hungary,56,United-States,Taiwan,11,Thailand,USA,31
Ecuador,18,Dominican-Republic,Yugoslavia,97,Thailand,USA,37
Philippines,15,Holand-Netherlands,China,63,Hong,USA,27
Thailand,9,Outlying-US(Guam-USVI-etc),Greece,100,South,Italy,57
Canada,18,Honduras,Puerto-Rico,1,Peru,USA,38
Hungary,1,Iran,Vietnam,74,Thailand,USA,59
Hungary,17,Dominican-Republic,Scotland,79,India,USA,9
Thailand,23,Mexico,Columbia,15,Nicaragua,USA,71
Poland,54,Hungary,Ecuador,40,Italy,USA,35
Hungary,1,Iran,Hong,35,Thailand,USA,35
Ecuador,1,Honduras,Honduras,25,Thailand,USA,43
Ireland,2,Outlying-US(Guam-USVI-etc),Trinadad&Tobago,33,Nicaragua,USA,63
Nicaragua,1,Scotland,Cambodia,34,Germany,Haiti,49
Philippines,1,Yugoslavia,Canada,43,Thailand,USA,52
Cambodia,11,Trinadad&Tobago,Germany,24,Thailand,Greece,46
Hungary,7,Yugoslavia,Honduras,32,Thailand,USA,35
Iran,1,Honduras,Taiwan,6,El-Salvador,Laos,29
Hungary,3,Cuba,Iran,36,Thailand,USA,36
Ecuador,1,Germany,South,52,El-Salvador,USA,56
Ecuador,36,Germany,Hungary,5,Thailand,Thailand,63
Thailand,1,Outlying-US(Guam-USVI-etc),Dominican-Republic,19,Thailand,Scotland,44
Cambodia,17,Laos,India,29,Taiwan,Mexico,64
Hungary,24,England,France,45,Philippines,Cambodia,1
Cambodia,28,Canada,Honduras,67,Thailand,Honduras,45
Holand-Netherlands,5,India,Ecuador,76,Hong,Iran,6
Thailand,19,Puerto-Rico,Japan,100,Thailand,USA,27
Cuba,1,Philippines,Ireland,42,Thailand,USA,38
Hungary,2,Canada,Ecuador,19,Thailand,Philippines,39
Haiti,1,Germany,Canada,5,Thailand,Haiti,13
India,2,Vietnam,Thailand,79,Columbia,South,43
Trinadad&Tobago,13,Poland,Greece,52,Thailand,Hong,47
Canada,4,Ireland,Peru,77,Philippines,Cuba,37
Poland,12,Cambodia,Italy,38,Cuba,England,11
Holand-Netherlands,19,Vietnam,Jamaica,1,Thailand,USA,52
Ecuador,1,Philippines,Japan,26,Thailand,Cambodia,65
Holand-Netherlands,33,South,Scotland,40,Canada,USA,59
Ecuador,31,Greece,Vietnam,55,United-States,Holand-Netherlands,100
Peru,1,El-Salvador,Peru,100,Thailand,Outlying-US(Guam-USVI-etc),45
Germany,32,Canada,Outlying-US(Guam-USVI-etc),100,Thailand,USA,62
India,10,Outlying-US(Guam-USVI-etc),Poland,36,Columbia,Iran,30
Ecuador,53,Outlying-US(Guam-USVI-etc),Haiti,15,Thailand,USA,44
Honduras,63,Scotland,Germany,86,Guatemala,Italy,41
Hong,17,Columbia,United-States,77,Germany,England,44
Dominican-Republic,1,Guatemala,Trinadad&Tobago,1,India,USA,39
Thailand,17,Laos,Jamaica,19,France,USA,54
Ecuador,1,Italy,Cambodia,100,Thailand,USA,39
Iran,100,Ireland,Holand-Netherlands,2,Thailand,USA,88
France,27,Canada,Laos,70,Thailand,USA,36
Columbia,1,Yugoslavia,Italy,65,Thailand,USA,49
Columbia,1,Poland,Italy,46,Thailand,Greece,23
Nicaragua,24,Puerto-Rico,Yugoslavia,63,India,Trinadad&Tobago,75
Nicaragua,29,South,Vietnam,33,Puerto-Rico,USA,36
Greece,23,Guatemala,Nicaragua,85,Thailand,Puerto-Rico,16
Greece,18,Hong,England,21,South,USA,47
Outlying-US(Guam-USVI-etc),62,Laos,Haiti,75,Hungary,Philippines,59
Canada,24,Canada,Poland,41,Jamaica,India,47
Columbia,39,Cambodia,France,34,Dominican-Republic,Mexico,67
Canada,35,Hungary,Peru,100,Philippines,USA,59
Scotland,27,China,Haiti,70,Honduras,USA,64
Germany,1,Portugal,Guatemala,93,Thailand,Thailand,1
Greece,15,United-States,Nicaragua,56,Iran,USA,58
Dominican-Republic,1,Greece,Jamaica,100,Nicaragua,Iran,45
Peru,1,Philippines,Haiti,27,Thailand,USA,40
Germany,30,Trinadad&Tobago,France,13,Thailand,China,69
Philippines,49,Portugal,China,21,El-Salvador,Germany,31
South,1,Philippines,Guatemala,77,Guatemala,USA,49
Peru,53,Yugoslavia,India,73,Portugal,USA,37
Canada,71,Laos,Outlying-US(Guam-USVI-etc),8,Ecuador,El-Salvador,38
India,26,France,Ecuador,85,Dominican-Republic,USA,31
Italy,49,Laos,Portugal,68,Jamaica,Iran,30
Cuba,26,Iran,Greece,78,Thailand,USA,29
Canada,94,Ireland,Puerto-Rico,72,Thailand,India,48
Hungary,14,Dominican-Republic,South,37,Thailand,USA,19
Thailand,22,China,Honduras,89,Thailand,Scotland,53
Nicaragua,18,Scotland,Iran,1,Columbia,USA,49
Honduras,9,Cambodia,Honduras,1,Thailand,USA,50
Poland,1,Canada,Canada,1,Thailand,USA,46
South,1,Peru,Poland,44,Thailand,USA,61
Outlying-US(Guam-USVI-etc),9,Holand-Netherlands,France,34,Dominican-Republic,USA,34
Ecuador,15,Holand-Netherlands,Thailand,43,Thailand,USA,62
Portugal,13,Thailand,Italy,8,Thailand,Jamaica,70
Portugal,59,Cuba,England,87,Thailand,USA,13
India,9,Italy,Haiti,1,Thailand,Outlying-US(Guam-USVI-etc),48
Canada,1,Japan,Ecuador,100,Thailand,USA,73
Thailand,1,Nicaragua,Taiwan,97,Thailand,USA,12
Poland,1,Hungary,Mexico,22,Thailand,USA,32
Poland,24,Jamaica,England,24,El-Salvador,Germany,49
Hungary,1,India,Iran,17,Thailand,USA,35
Thailand,1,Laos,Italy,74,Scotland,Scotland,40
South,25,Poland,Laos,83,Puerto-Rico,Cambodia,35
Canada,19,Poland,El-Salvador,36,Thailand,USA,21
Iran,29,Cuba,El-Salvador,4,Hong,USA,59
Greece,47,England,Outlying-US(Guam-USVI-etc),67,Thailand,USA,78
Peru,11,Columbia,Italy,93,Nicaragua,England,42
Canada,1,Canada,Germany,92,India,USA,15
Poland,1,Puerto-Rico,Nicaragua,22,Thailand,Puerto-Rico,51
Ecuador,8,France,France,73,Thailand,Holand-Netherlands,21
Scotland,57,Philippines,Outlying-US(Guam-USVI-etc),82,Holand-Netherlands,USA,70
India,12,Thailand,Jamaica,19,Holand-Netherlands,USA,53
India,7,United-States,South,29,Philippines,USA,46
Honduras,29,United-States,Columbia,45,Thailand,USA,51
Cambodia,33,Dominican-Republic,China,81,Thailand,USA,68
Nicaragua,42,Japan,Puerto-Rico,96,Thailand,USA,60
Outlying-US(Guam-USVI-etc),68,Greece,Haiti,65,Columbia,USA,29
Cambodia,5,Poland,Vietnam,69,Thailand,USA,56
Nicaragua,16,Jamaica,Portugal,37,Japan,Italy,54
Cuba,4,Cambodia,Cuba,75,Cambodia,India,41
India,1,Guatemala,El-Salvador,30,Thailand,Cambodia,57
Thailand,1,Hungary,Jamaica,15,Thailand,USA,12
Canada,1,India,Haiti,55,Hong,USA,26
Canada,50,Cambodia,Portugal,39,Holand-Netherlands,Hungary,82
Hungary,58,Ireland,Ecuador,95,Canada,USA,61
Hungary,1,Cambodia,Jamaica,30,Thailand,USA,57
Peru,24,Ireland,Outlying-US(Guam-USVI-etc),63,Thailand,USA,40
Columbia,66,Canada,Trinadad&Tobago,47,Thailand,USA,62
Scotland,63,Ecuador,Thailand,92,Thailand,USA,31
Dominican-Republic,3,England,Poland,100,Nicaragua,USA,30
Honduras,22,Iran,Greece,48,Laos,Peru,48
India,23,Italy,Scotland,90,Thailand,USA,66
Japan,27,Jamaica,Greece,8,Thailand,Portugal,80
Poland,31,Cambodia,Italy,30,Cuba,England,17
Poland,32,Jamaica,England,1,El-Salvador,Germany,58
Peru,12,India,Columbia,51,Peru,USA,56
Poland,28,South,England,17,Thailand,USA,20
Canada,1,Trinadad&Tobago,Dominican-Republic,36,Thailand,USA,16
Iran,20,China,Jamaica,64,Thailand,USA,21
Holand-Netherlands,5,Portugal,Canada,74,Peru,USA,11
India,4,Ecuador,Nicaragua,35,Ecuador,Mexico,46
Honduras,13,El-Salvador,Taiwan,1,Thailand,Poland,29
Scotland,13,Guatemala,El-Salvador,100,Thailand,Cuba,68
Holand-Netherlands,17,Holand-Netherlands,Laos,59,China,Dominican-Republic,21
El-Salvador,28,Poland,France,65,Thailand,Trinadad&Tobago,80
Dominican-Republic,14,Nicaragua,Columbia,30,India,Columbia,53
Nicaragua,8,Guatemala,El-Salvador,57,Thailand,USA,64
Philippines,57,Laos,Portugal,86,Thailand,USA,62
Cambodia,13,Ireland,Canada,90,Greece,USA,63
India,8,Cambodia,South,1,Thailand,USA,41
Thailand,38,Laos,Jamaica,16,France,USA,43
Germany,81,Taiwan,France,95,Italy,Thailand,41
Haiti,38,Poland,Scotland,42,Thailand,USA,61
Hong,24,Iran,Italy,45,Philippines,USA,40
Cuba,1,Cuba,England,4,Portugal,Peru,44
Ecuador,29,Laos,Vietnam,40,India,USA,53
Hungary,31,Guatemala,Greece,45,Outlying-US(Guam-USVI-etc),USA,61
Canada,4,Germany,El-Salvador,23,Dominican-Republic,USA,8
Greece,73,Poland,United-States,33,El-Salvador,India,47
Hungary,19,Columbia,Guatemala,32,Outlying-US(Guam-USVI-etc),USA,22
Honduras,23,Taiwan,Cuba,23,Laos,Ecuador,40
India,10,Thailand,Holand-Netherlands,82,Ireland,USA,64
Canada,22,Philippines,Portugal,100,Ireland,USA,29
Nicaragua,1,Trinadad&Tobago,Portugal,76,Thailand,USA,24
Hungary,1,Nicaragua,Vietnam,92,Holand-Netherlands,USA,52
Cuba,10,Dominican-Republic,Honduras,1,Greece,Taiwan,42
Hungary,29,Laos,Iran,37,Thailand,Guatemala,46
Thailand,80,Portugal,Ecuador,49,Thailand,USA,44
Honduras,10,Trinadad&Tobago,Haiti,11,Hong,USA,49
Philippines,65,Scotland,Cambodia,66,Holand-Netherlands,Jamaica,44
Nicaragua,39,Scotland,Iran,17,Columbia,USA,73
Thailand,30,Philippines,Scotland,2,India,Poland,49
India,1,Italy,Scotland,68,Thailand,USA,63
Honduras,8,Dominican-Republic,Germany,73,Thailand,USA,88
Trinadad&Tobago,44,Peru,China,20,Thailand,USA,48
Hungary,24,Vietnam,Poland,52,Thailand,USA,69
India,15,Yugoslavia,Iran,49,Thailand,USA,39
Trinadad&Tobago,1,Guatemala,Laos,88,Columbia,USA,61
Ecuador,61,El-Salvador,Ecuador,29,Dominican-Republic,Philippines,55
Ecuador,4,Scotland,Ecuador,89,Cuba,USA,72
Scotland,17,China,Haiti,1,Hong,USA,38
Jamaica,9,Yugoslavia,Guatemala,29,Thailand,USA,66
Ecuador,13,Cuba,Vietnam,32,Thailand,El-Salvador,56
Trinadad&Tobago,8,South,Peru,47,Italy,USA,16
Philippines,24,Peru,Haiti,60,Yugoslavia,Scotland,59
Cambodia,21,Japan,England,34,Thailand,Ecuador,1
Ecuador,16,Columbia,Hungary,1,Thailand,USA,45
Iran,28,Philippines,South,40,Laos,USA,24
Yugoslavia,1,Poland,Jamaica,68,Iran,Yugoslavia,35
Cambodia,1,Dominican-Republic,Dominican-Republic,79,Thailand,USA,68
Peru,15,Iran,Cambodia,63,Thailand,Dominican-Republic,29
Philippines,17,Italy,Japan,79,Thailand,Mexico,41
Iran,9,Portugal,Hong,100,Guatemala,Philippines,50
Philippines,66,Scotland,Cambodia,43,Holand-Netherlands,Jamaica,60
Hungary,65,Haiti,Nicaragua,29,Thailand,USA,49
Canada,26,Outlying-US(Guam-USVI-etc),Iran,36,Iran,Greece,27
Holand-Netherlands,23,Italy,Columbia,61,Mexico,USA,39
South,28,France,Jamaica,67,Peru,El-Salvador,19
Scotland,20,Canada,Greece,49,France,USA,68
Italy,17,India,Ireland,3,Thailand,England,6
Iran,19,Puerto-Rico,India,71,Thailand,USA,65
Hungary,41,Cambodia,United-States,78,Hungary,USA,61
Honduras,69,Germany,India,54,Thailand,Scotland,57
Canada,1,Haiti,Trinadad&Tobago,19,Thailand,USA,30
Germany,1,Honduras,China,56,Greece,Yugoslavia,27
Cuba,21,Japan,Japan,100,Iran,Laos,69
Japan,46,India,Cuba,68,Thailand,USA,72
Canada,29,Thailand,El-Salvador,23,Thailand,Japan,42
Hungary,1,Vietnam,England,42,Peru,USA,14
Japan,5,Dominican-Republic,Trinadad&Tobago,68,Taiwan,Japan,36
Peru,46,Guatemala,Portugal,48,Ecuador,Holand-Netherlands,47
Canada,26,Cuba,England,12,Thailand,USA,81
Columbia,4,Nicaragua,France,46,Thailand,South,53
Cambodia,23,Canada,Taiwan,89,Dominican-Republic,USA,36
Ireland,10,Puerto-Rico,Ireland,43,Thailand,Ireland,40
Ecuador,18,Cuba,Vietnam,26,Thailand,El-Salvador,55
India,10,Puerto-Rico,Italy,59,Laos,Iran,34
Ecuador,26,Ireland,England,35,Thailand,USA,78
Greece,52,Jamaica,Peru,94,Thailand,Cambodia,35
Trinadad&Tobago,11,Haiti,Philippines,94,Thailand,Nicaragua,37
Hungary,34,Yugoslavia,Honduras,14,Thailand,USA,34
India,53,El-Salvador,Mexico,42,Thailand,USA,47
Yugoslavia,6,Holand-Netherlands,Trinadad&Tobago,82,Thailand,Poland,64
Cambodia,10,Philippines,Japan,20,Trinadad&Tobago,USA,32
India,1,Ecuador,England,60,Philippines,Ireland,42
Cuba,40,Guatemala,Jamaica,38,Trinadad&Tobago,USA,28
India,20,South,Poland,44,Thailand,USA,63
Poland,13,Greece,Scotland,21,Yugoslavia,USA,1
Portugal,1,Ecuador,Ireland,55,Thailand,Mexico,16
Poland,48,Dominican-Republic,Cambodia,83,Cuba,USA,23
Japan,54,Dominican-Republic,Honduras,50,Thailand,Greece,13
Haiti,71,Hungary,France,92,Cambodia,Mexico,33
Nicaragua,10,Poland,Cambodia,89,Thailand,USA,61
India,16,China,Greece,81,Yugoslavia,USA,42
Germany,21,India,Iran,98,Trinadad&Tobago,USA,40
Scotland,25,Outlying-US(Guam-USVI-etc),Holand-Netherlands,89,Philippines,USA,47
Honduras,5,El-Salvador,Taiwan,15,Thailand,Poland,41
Thailand,29,Japan,Ecuador,21,Iran,USA,48
Poland,5,Laos,Jamaica,89,Cambodia,USA,43
Cambodia,8,South,Haiti,50,Thailand,South,47
Columbia,2,Hungary,Taiwan,57,Thailand,USA,38
Hungary,3,Laos,Taiwan,24,Scotland,Jamaica,27
India,46,El-Salvador,Mexico,87,United-States,Hong,53
Cuba,13,Taiwan,Guatemala,100,Yugoslavia,USA,98
Ecuador,27,Ireland,France,1,South,Holand-Netherlands,26
Trinadad&Tobago,1,Laos,Dominican-Republic,50,Yugoslavia,England,35
Italy,16,Cambodia,Haiti,1,Taiwan,USA,32
Canada,10,Canada,Ecuador,77,Thailand,Taiwan,31
Thailand,24,Hungary,Haiti,25,Thailand,Columbia,67
Thailand,26,Peru,Philippines,46,Thailand,Vietnam,48
Philippines,1,South,England,100,Thailand,USA,69
Scotland,42,India,Trinadad&Tobago,17,Honduras,USA,55
Puerto-Rico,23,Philippines,United-States,53,Hong,USA,32
Germany,64,China,Peru,16,China,USA,52
Trinadad&Tobago,1,Laos,Guatemala,53,Cuba,USA,35
Thailand,15,Greece,Japan,78,Thailand,USA,53
Philippines,41,Hong,Thailand,71,Thailand,Trinadad&Tobago,28
India,16,Scotland,Cambodia,58,Nicaragua,Canada,86
Greece,53,South,Peru,20,Greece,USA,61
Portugal,33,Japan,Cuba,80,Thailand,France,56
Cuba,44,Canada,Taiwan,44,Thailand,Philippines,70
Thailand,46,Taiwan,Italy,33,Thailand,USA,62
Philippines,5,Puerto-Rico,Taiwan,58,Italy,USA,38
Hungary,24,United-States,Taiwan,18,Thailand,USA,20
Hungary,4,Nicaragua,Vietnam,81,Holand-Netherlands,USA,46
Cambodia,1,Philippines,El-Salvador,100,Laos,Holand-Netherlands,36
Greece,25,Dominican-Republic,Mexico,48,Hong,USA,27
Greece,1,Hong,Dominican-Republic,97,Thailand,USA,73
South,21,Ireland,England,21,Guatemala,USA,16
United-States,2,Philippines,Columbia,16,Thailand,USA,83
Holand-Netherlands,43,Laos,Hungary,1,Honduras,USA,30
Germany,28,Peru,Taiwan,87,Thailand,USA,43
Cuba,46,Japan,Honduras,82,Thailand,Germany,76
Philippines,1,Philippines,England,33,Thailand,Mexico,55
Dominican-Republic,12,Trinadad&Tobago,Columbia,1,Trinadad&Tobago,Outlying-US(Guam-USVI-etc),50
Jamaica,16,Cambodia,Vietnam,75,Thailand,Canada,21
Ecuador,39,Outlying-US(Guam-USVI-etc),Haiti,9,Thailand,USA,17
Thailand,9,Hungary,Iran,18,Thailand,China,39
Dominican-Republic,1,Poland,Japan,72,South,USA,32
Peru,29,Philippines,Canada,10,Thailand,Cambodia,49
Philippines,40,El-Salvador,Trinadad&Tobago,98,Thailand,Trinadad&Tobago,47
Poland,22,Mexico,China,1,Thailand,USA,9
Thailand,11,France,Ecuador,32,Dominican-Republic,USA,50
Nicaragua,5,Hungary,Outlying-US(Guam-USVI-etc),76,Iran,USA,26
Vietnam,1,Taiwan,Iran,68,Peru,USA,8
Hungary,8,Iran,Vietnam,76,Thailand,USA,31
Outlying-US(Guam-USVI-etc),21,Scotland,Thailand,100,Thailand,Yugoslavia,14
Germany,8,Hungary,Iran,21,Italy,Peru,73
Ecuador,6,Jamaica,Ireland,68,Thailand,Puerto-Rico,96
India,8,India,Yugoslavia,67,England,Vietnam,68
India,45,Dominican-Republic,El-Salvador,44,Jamaica,Philippines,23
Philippines,24,Portugal,Ecuador,59,Trinadad&Tobago,USA,44
Outlying-US(Guam-USVI-etc),1,Nicaragua,Laos,70,Thailand,Poland,31
Peru,37,India,Jamaica,92,Vietnam,USA,60
Nicaragua,60,France,Hungary,35,Jamaica,USA,41
Thailand,56,Taiwan,Italy,42,Thailand,USA,57
Honduras,10,Vietnam,Hong,63,Thailand,USA,63
India,76,Taiwan,South,88,Guatemala,Puerto-Rico,26
Poland,4,Scotland,El-Salvador,92,Thailand,USA,78
India,5,Ireland,Iran,98,Germany,USA,49
Haiti,69,United-States,Yugoslavia,33,Thailand,USA,41
Hungary,83,Portugal,France,66,Thailand,USA,56
Canada,67,Hungary,Columbia,11,England,Italy,50
Poland,19,Japan,Germany,66,Hungary,Hungary,41
Dominican-Republic,19,Portugal,El-Salvador,37,Poland,USA,52
Dominican-Republic,2,Hungary,Japan,38,Poland,USA,29
Hungary,45,Nicaragua,Honduras,62,Thailand,England,47
Hungary,1,Laos,Canada,27,Hungary,USA,12
Ecuador,1,Laos,Canada,4,Cambodia,Cuba,11
Cuba,20,Japan,Japan,78,Iran,Laos,65
India,100,Portugal,Puerto-Rico,21,Thailand,USA,39
Cambodia,15,Japan,Thailand,13,Thailand,USA,43
Trinadad&Tobago,18,England,Portugal,71,Thailand,Thailand,73
Hungary,20,South,Puerto-Rico,71,Scotland,Jamaica,37
Scotland,54,Columbia,Laos,100,Puerto-Rico,USA,51
Germany,25,Canada,Outlying-US(Guam-USVI-etc),90,Thailand,USA,34
Hungary,1,Cuba,England,82,Ecuador,India,42
Philippines,47,India,Nicaragua,89,Outlying-US(Guam-USVI-etc),Iran,14
Thailand,7,Hungary,Holand-Netherlands,88,Thailand,USA,54
South,28,Jamaica,Scotland,34,Thailand,Haiti,53
Thailand,7,Japan,Ecuador,41,Iran,USA,50
Hong,35,Greece,Nicaragua,11,Thailand,USA,50
Holand-Netherlands,16,India,Ecuador,54,Hong,Iran,1
India,21,Hungary,Laos,55,India,USA,36
Holand-Netherlands,26,Vietnam,Jamaica,1,Thailand,USA,34
Canada,7,India,Canada,18,Thailand,Guatemala,79
Dominican-Republic,10,Columbia,Outlying-US(Guam-USVI-etc),64,Thailand,Cuba,77
Greece,14,Outlying-US(Guam-USVI-etc),Ireland,17,England,Peru,68
Thailand,45,Hong,Philippines,24,Jamaica,USA,47
Canada,24,Cuba,England,33,Thailand,USA,77
Canada,38,Guatemala,Ireland,100,Haiti,Vietnam,52
Trinadad&Tobago,40,Peru,Peru,71,Japan,USA,40
Hungary,29,England,Iran,86,Hong,USA,45
Holand-Netherlands,12,Cambodia,Greece,96,Thailand,Nicaragua,14
Poland,6,Haiti,Philippines,27,Puerto-Rico,USA,36
Greece,11,Hungary,Mexico,13,Yugoslavia,USA,45
Trinadad&Tobago,52,France,Italy,2,Thailand,USA,74
Hungary,12,El-Salvador,Philippines,85,Dominican-Republic,USA,59
Holand-Netherlands,6,Laos,Outlying-US(Guam-USVI-etc),17,England,USA,50
Peru,38,France,Scotland,37,Thailand,USA,9
Cuba,9,Greece,Guatemala,9,Outlying-US(Guam-USVI-etc),Germany,75
Philippines,1,Poland,Mexico,92,Yugoslavia,USA,56
Peru,1,South,Ecuador,66,Germany,USA,47
Thailand,31,Greece,Dominican-Republic,68,El-Salvador,Jamaica,61
Holand-Netherlands,61,United-States,Guatemala,69,Canada,Philippines,61
Poland,1,Cambodia,Vietnam,1,Thailand,USA,25
Hungary,45,Cuba,Germany,58,Thailand,USA,27
Cambodia,23,Italy,Germany,89,Thailand,Thailand,33
Germany,85,Portugal,Hungary,78,Thailand,Italy,62
Cuba,2,Honduras,China,54,Thailand,Germany,34
Greece,40,Guatemala,Nicaragua,73,Thailand,Puerto-Rico,42
Thailand,41,Puerto-Rico,Columbia,22,Philippines,USA,37
Portugal,35,India,Greece,31,Laos,USA,48
South,8,United-States,Jamaica,50,Outlying-US(Guam-USVI-etc),USA,81
India,32,Yugoslavia,Guatemala,24,Thailand,USA,46
Dominican-Republic,1,Guatemala,Trinadad&Tobago,24,India,USA,48
Poland,14,Italy,Japan,1,Thailand,Puerto-Rico,45
Yugoslavia,16,Philippines,Haiti,84,Columbia,USA,47
Puerto-Rico,40,Canada,Jamaica,53,Greece,USA,38
Thailand,21,Outlying-US(Guam-USVI-etc),Greece,83,South,Italy,34
Holand-Netherlands,40,Guatemala,Poland,48,Dominican-Republic,Hong,26
Yugoslavia,12,Poland,South,99,China,USA,75
India,13,Japan,Outlying-US(Guam-USVI-etc),9,Thailand,Thailand,61
Canada,10,India,Jamaica,37,Ireland,Mexico,57
India,94,Portugal,Puerto-Rico,29,Thailand,USA,61
Cuba,24,South,Canada,3,Thailand,Portugal,84
Italy,27,Ireland,Jamaica,100,Thailand,USA,24
Nicaragua,41,Cambodia,Trinadad&Tobago,54,Dominican-Republic,USA,29
South,17,Philippines,Guatemala,66,Guatemala,USA,54
Japan,57,Laos,Poland,1,Thailand,USA,62
Ecuador,5,Iran,Outlying-US(Guam-USVI-etc),91,Thailand,USA,53
Dominican-Republic,1,Hungary,Japan,55,Poland,USA,55
Trinadad&Tobago,18,Germany,Outlying-US(Guam-USVI-etc),1,Thailand,USA,37
Hungary,10,Laos,Japan,100,Honduras,USA,45
South,13,Cuba,England,87,Holand-Netherlands,Jamaica,45
Trinadad&Tobago,2,Taiwan,El-Salvador,57,England,USA,32
Honduras,49,Cambodia,China,96,Scotland,USA,19
India,8,Laos,China,1,Thailand,USA,25
Poland,1,Puerto-Rico,Nicaragua,4,Thailand,Puerto-Rico,53
Hungary,1,Greece,Ireland,34,Vietnam,Scotland,42
Puerto-Rico,76,India,Dominican-Republic,62,El-Salvador,USA,32
Cambodia,31,Dominican-Republic,Dominican-Republic,81,Thailand,USA,78
Hungary,1,Scotland,Laos,1,Thailand,USA,51
Greece,18,Iran,Laos,48,Canada,Mexico,26
Nicaragua,32,France,Hungary,38,Jamaica,USA,15
India,15,Italy,Japan,59,Thailand,United-States,13
Outlying-US(Guam-USVI-etc),33,Nicaragua,Laos,44,Thailand,Poland,24
Nicaragua,20,Cambodia,Puerto-Rico,37,Thailand,Hungary,61
Canada,67,Guatemala,Vietnam,51,Thailand,USA,7
Columbia,12,Hungary,Thailand,46,El-Salvador,USA,39
Hungary,7,Laos,Japan,38,Holand-Netherlands,Outlying-US(Guam-USVI-etc),57
Ecuador,18,Guatemala,Outlying-US(Guam-USVI-etc),67,Thailand,USA,53
Hungary,6,India,Iran,33,Thailand,USA,55
China,1,Vietnam,Guatemala,20,Vietnam,Cambodia,64
United-States,30,Thailand,Cuba,100,Thailand,Puerto-Rico,52
Poland,1,Greece,Dominican-Republic,78,Thailand,Mexico,13
Cuba,43,Japan,Honduras,92,Thailand,Germany,87
Ecuador,16,El-Salvador,Laos,20,South,USA,21
Ecuador,16,England,Philippines,63,Thailand,USA,54
Peru,12,Poland,Ireland,62,Thailand,United-States,49
United-States,24,Hungary,China,15,Thailand,USA,10
Canada,8,Puerto-Rico,Cuba,60,Italy,Nicaragua,54
Trinadad&Tobago,42,Peru,Peru,84,Japan,USA,57
Cuba,35,Germany,Haiti,23,Thailand,USA,26
Iran,100,Haiti,Cuba,100,Taiwan,USA,42
India,41,Mexico,Hungary,51,Hungary,USA,38
Thailand,2,Vietnam,Italy,86,Dominican-Republic,England,28
Trinadad&Tobago,19,Vietnam,Haiti,77,Thailand,USA,42
Hungary,5,Cuba,England,54,Ecuador,India,20
Dominican-Republic,28,Vietnam,Italy,89,France,USA,56
Canada,10,Holand-Netherlands,Greece,85,United-States,USA,1
Ecuador,30,Hungary,South,26,Puerto-Rico,USA,48
Dominican-Republic,1,Portugal,El-Salvador,14,Poland,USA,51
India,20,Poland,Laos,1,Thailand,China,69
Poland,6,Haiti,Philippines,23,Puerto-Rico,USA,51
Peru,1,Taiwan,Italy,48,Yugoslavia,USA,96
Canada,25,Dominican-Republic,Mexico,61,Ecuador,USA,38
Jamaica,1,Cambodia,Vietnam,22,Thailand,Canada,63
Dominican-Republic,1,Outlying-US(Guam-USVI-etc),Canada,91,Thailand,Japan,30
Hungary,18,Poland,Ecuador,86,India,USA,62
United-States,18,Honduras,Taiwan,1,Hungary,USA,91
Philippines,21,Jamaica,Iran,1,Nicaragua,USA,24
Cuba,49,Germany,Haiti,20,Thailand,USA,28
Columbia,10,England,Canada,24,Vietnam,USA,43
India,70,France,Yugoslavia,7,Thailand,USA,67
Hong,1,Honduras,Trinadad&Tobago,32,Thailand,USA,59
Thailand,61,Nicaragua,England,54,Thailand,Dominican-Republic,11
Poland,30,South,England,1,Thailand,USA,35
Philippines,100,Dominican-Republic,Honduras,91,Thailand,Cambodia,49
Thailand,43,Holand-Netherlands,Japan,1,Mexico,Yugoslavia,68
Hungary,1,Hong,Puerto-Rico,71,Thailand,USA,54
Greece,1,Columbia,Philippines,15,Thailand,Guatemala,36
Scotland,6,Holand-Netherlands,El-Salvador,27,Thailand,Nicaragua,15
Trinadad&Tobago,18,Ecuador,Hong,25,Thailand,Haiti,54
Hungary,1,India,Greece,30,Thailand,United-States,35
Ecuador,1,United-States,India,89,Philippines,South,36
Hungary,2,United-States,Puerto-Rico,48,Thailand,USA,18
Peru,7,Laos,Mexico,22,Hong,Puerto-Rico,40
Trinadad&Tobago,1,Taiwan,El-Salvador,59,England,USA,28
Dominican-Republic,1,Italy,Trinadad&Tobago,80,Dominican-Republic,USA,37
Philippines,1,El-Salvador,Ecuador,1,Italy,USA,36
Hungary,19,Portugal,Vietnam,1,Scotland,USA,27
Philippines,11,Scotland,Nicaragua,80,Honduras,USA,59
India,6,Guatemala,Taiwan,73,Haiti,USA,64
France,1,Canada,Laos,34,Thailand,USA,25
Thailand,76,Japan,United-States,59,Honduras,USA,40
Nicaragua,35,Mexico,Cambodia,9,Germany,USA,41
Honduras,6,El-Salvador,Hong,9,Thailand,USA,72
Canada,16,Jamaica,Guatemala,76,Thailand,India,63
Honduras,39,Poland,Vietnam,94,Ecuador,USA,37
Japan,30,Germany,Thailand,17,Germany,South,41
Thailand,2,Philippines,Canada,49,Japan,USA,17
Hungary,18,England,Hong,87,Thailand,China,73
Yugoslavia,54,Peru,Ireland,57,Hungary,Thailand,23
India,47,France,Yugoslavia,36,Thailand,USA,41
Thailand,23,Scotland,Yugoslavia,82,Trinadad&Tobago,Haiti,28
Thailand,5,Philippines,Scotland,1,India,Poland,16
Ecuador,22,Holand-Netherlands,Japan,77,Hungary,USA,82
Nicaragua,1,South,Vietnam,30,Puerto-Rico,USA,28
Dominican-Republic,6,Cambodia,Mexico,74,Thailand,USA,41
Nicaragua,21,Taiwan,Columbia,18,Guatemala,Greece,24
Thailand,14,Canada,Canada,79,Thailand,USA,58
Italy,12,Hungary,Ireland,89,Thailand,Scotland,55
Trinadad&Tobago,22,El-Salvador,Ecuador,1,Scotland,Nicaragua,22
Nicaragua,12,Ireland,Mexico,100,United-States,USA,48
Thailand,31,Cuba,Dominican-Republic,75,Yugoslavia,USA,35
United-States,28,Holand-Netherlands,France,43,Thailand,USA,53
United-States,12,Laos,Trinadad&Tobago,57,Philippines,Thailand,27
Columbia,6,Hungary,Taiwan,77,Thailand,USA,31
Honduras,1,Poland,Philippines,14,Thailand,Peru,48
South,38,France,Honduras,91,Thailand,USA,41
Peru,15,Philippines,Haiti,1,Thailand,USA,55
Peru,1,Poland,Haiti,47,Thailand,Canada,70
Germany,41,Thailand,Outlying-US(Guam-USVI-etc),16,Thailand,Thailand,24
Honduras,12,France,El-Salvador,66,Nicaragua,USA,43
Columbia,20,Cuba,Peru,99,Thailand,USA,68
Trinadad&Tobago,1,Hong,Iran,65,Thailand,Honduras,29
Poland,20,Poland,Laos,50,Outlying-US(Guam-USVI-etc),USA,32
Hungary,1,Canada,Ecuador,4,Thailand,Philippines,58
Canada,25,Haiti,Trinadad&Tobago,3,Thailand,USA,22
Thailand,19,Holand-Netherlands,Jamaica,88,Taiwan,USA,31
Ecuador,51,Yugoslavia,Haiti,1,Cambodia,USA,71
Japan,20,Laos,Dominican-Republic,55,Cambodia,France,15
Greece,21,Hong,England,1,South,USA,52
Nicaragua,30,Poland,Cambodia,98,Thailand,USA,50
Poland,2,Hungary,Mexico,30,Thailand,USA,44
Canada,10,Canada,Poland,23,Jamaica,India,40
India,12,Guatemala,El-Salvador,39,Thailand,Cambodia,69
Poland,1,Canada,Germany,2,Cambodia,USA,64
Hungary,80,Portugal,Canada,83,Thailand,Columbia,70
Canada,61,Vietnam,Holand-Netherlands,70,Philippines,England,76
India,45,Mexico,Hungary,21,Hungary,USA,43
Cuba,80,Scotland,Holand-Netherlands,79,Thailand,USA,22
Ecuador,21,Ireland,France,23,South,Holand-Netherlands,59
Cuba,6,Cambodia,Cuba,18,Cambodia,India,59
Scotland,48,Nicaragua,Japan,24,Laos,Nicaragua,69
Hungary,8,Hong,South,100,Thailand,Ireland,57
Philippines,34,Peru,Haiti,7,Yugoslavia,Scotland,35
Greece,1,Columbia,Philippines,24,Thailand,Guatemala,49
Dominican-Republic,9,Italy,Trinadad&Tobago,93,Dominican-Republic,USA,46
South,36,Cambodia,Ireland,74,Thailand,USA,10
Nicaragua,16,Taiwan,Columbia,46,Guatemala,Greece,32
India,4,Puerto-Rico,Cuba,33,Thailand,Poland,59
Canada,7,Laos,Ireland,61,Laos,Trinadad&Tobago,49
France,35,Poland,Philippines,50,Holand-Netherlands,USA,70
Canada,40,Cambodia,Portugal,37,Holand-Netherlands,Hungary,100
Hungary,77,Japan,Cambodia,83,Thailand,Philippines,1
Hungary,15,Italy,India,60,Guatemala,Mexico,54
Cambodia,18,Germany,South,98,Thailand,USA,51
Philippines,34,Cambodia,Hungary,20,Philippines,USA,62
India,12,Puerto-Rico,Italy,72,Laos,Iran,1
Cambodia,3,Germany,South,78,Thailand,USA,48
India,22,Cuba,Trinadad&Tobago,49,Thailand,USA,46
Hungary,14,Cuba,Philippines,71,Yugoslavia,USA,87
Nicaragua,10,Cambodia,Puerto-Rico,54,Thailand,Hungary,52
Trinadad&Tobago,22,Germany,Outlying-US(Guam-USVI-etc),17,Thailand,USA,49
Yugoslavia,1,Puerto-Rico,Germany,100,Thailand,USA,41
Poland,50,Outlying-US(Guam-USVI-etc),Ireland,75,Honduras,Yugoslavia,17
Honduras,1,Hungary,Canada,13,Hungary,Germany,23
Cuba,5,Puerto-Rico,Canada,54,Thailand,Mexico,40
Honduras,76,Poland,Vietnam,79,Ecuador,USA,56
Nicaragua,27,Dominican-Republic,Portugal,17,Thailand,USA,40
Hungary,28,Laos,Canada,27,Hungary,USA,30
Nicaragua,3,Scotland,Cambodia,32,Germany,Haiti,51
Peru,30,India,Columbia,35,Peru,USA,30
Hungary,40,Cambodia,United-States,54,Hungary,USA,61
Canada,10,Honduras,Canada,61,Guatemala,England,41
Yugoslavia,1,Outlying-US(Guam-USVI-etc),Dominican-Republic,33,Jamaica,Ireland,21
Hungary,52,Laos,Cambodia,24,Dominican-Republic,Puerto-Rico,21
Trinadad&Tobago,32,Jamaica,China,17,Thailand,USA,12
Peru,12,United-States,Canada,82,Thailand,USA,47
Hungary,18,South,Italy,67,Thailand,USA,32
Holand-Netherlands,15,South,Scotland,30,Canada,USA,69
Hungary,49,Holand-Netherlands,Poland,100,Thailand,South,54
Trinadad&Tobago,1,Laos,Guatemala,62,Cuba,USA,40
Thailand,45,Holand-Netherlands,Japan,14,Mexico,Yugoslavia,66
Philippines,37,Poland,Mexico,84,Yugoslavia,USA,31
Philippines,7,Nicaragua,Laos,94,Thailand,Puerto-Rico,47
Hungary,30,Cuba,Nicaragua,99,Philippines,USA,41
Thailand,30,Taiwan,Italy,78,Thailand,USA,53
Hungary,21,Ecuador,Iran,94,Thailand,USA,57
Ecuador,7,Cuba,Outlying-US(Guam-USVI-etc),1,Trinadad&Tobago,South,45
Canada,20,Puerto-Rico,Cuba,59,Italy,Nicaragua,15
Thailand,6,El-Salvador,Taiwan,9,Thailand,USA,51
Cuba,3,Ecuador,South,55,Thailand,USA,76
Columbia,46,Cambodia,France,78,Dominican-Republic,Mexico,42
Trinadad&Tobago,4,El-Salvador,Vietnam,22,Thailand,USA,67
Holand-Netherlands,1,Taiwan,Peru,9,Ireland,Dominican-Republic,51
Ecuador,1,Ireland,Jamaica,42,Thailand,USA,47
Ecuador,47,Canada,Cambodia,1,Thailand,Ireland,62
India,14,Poland,Laos,1,Thailand,China,68
South,24,Jamaica,Scotland,39,Thailand,Haiti,39
Peru,25,South,Ecuador,83,Germany,USA,31
Hong,1,Dominican-Republic,Ireland,78,Japan,USA,28
Poland,6,El-Salvador,Philippines,54,Thailand,Greece,55
Ecuador,33,Laos,Vietnam,60,India,USA,56
Hungary,69,Ecuador,Germany,93,Portugal,Hong,29
Poland,44,Vietnam,Jamaica,100,Thailand,USA,83
Greece,1,Guatemala,Scotland,26,Hong,Dominican-Republic,58
Cambodia,30,Vietnam,Cambodia,100,Puerto-Rico,USA,50
Peru,36,Guatemala,Portugal,38,Ecuador,Holand-Netherlands,54
Cuba,11,Dominican-Republic,Nicaragua,62,Thailand,Yugoslavia,45
Ecuador,21,Greece,Peru,6,Thailand,Cambodia,5
India,30,Cambodia,Canada,18,Thailand,Puerto-Rico,28
Nicaragua,3,Holand-Netherlands,China,91,Outlying-US(Guam-USVI-etc),USA,84
Haiti,37,Outlying-US(Guam-USVI-etc),Canada,96,Thailand,Cambodia,49
Holand-Netherlands,15,Philippines,Vietnam,26,Honduras,Ecuador,66
Trinadad&Tobago,17,El-Salvador,Vietnam,47,Thailand,USA,61
Thailand,40,Jamaica,Iran,7,Thailand,USA,38
Hungary,23,Portugal,Dominican-Republic,75,Iran,USA,39
Yugoslavia,15,Italy,Italy,36,Puerto-Rico,USA,34
Dominican-Republic,7,Poland,Japan,58,South,USA,1
Outlying-US(Guam-USVI-etc),28,Holand-Netherlands,France,19,Dominican-Republic,USA,26
India,1,Puerto-Rico,Laos,100,Greece,USA,63
Hungary,1,Laos,Haiti,47,Thailand,El-Salvador,58
Scotland,1,Thailand,Vietnam,33,Dominican-Republic,United-States,54
Trinadad&Tobago,6,Poland,Greece,31,Thailand,Hong,64
Cuba,29,Scotland,El-Salvador,99,England,Ireland,17
Germany,16,Honduras,Outlying-US(Guam-USVI-etc),17,Taiwan,USA,22
Portugal,19,Puerto-Rico,Taiwan,64,Thailand,USA,56
Holand-Netherlands,1,Laos,Outlying-US(Guam-USVI-etc),74,England,USA,17
Trinadad&Tobago,1,El-Salvador,Thailand,47,Thailand,USA,73
Cambodia,1,Laos,India,56,Taiwan,Mexico,26
Poland,10,Philippines,Laos,1,Thailand,Laos,50
United-States,18,Vietnam,Columbia,29,Iran,USA,51
Canada,18,Scotland,Ireland,98,France,USA,82
Peru,29,France,Mexico,12,South,USA,28
Thailand,58,Puerto-Rico,Columbia,35,Philippines,USA,51
Poland,78,Vietnam,Jamaica,100,Thailand,USA,37
Hungary,17,Nicaragua,Laos,46,Laos,India,52
Thailand,33,Puerto-Rico,Japan,63,Thailand,USA,33
Hungary,1,England,France,40,Philippines,Cambodia,33
Cambodia,9,Trinadad&Tobago,Germany,34,Thailand,Greece,33
Hungary,15,India,Outlying-US(Guam-USVI-etc),1,Trinadad&Tobago,Portugal,64
Hungary,20,Poland,Portugal,15,Philippines,Nicaragua,37
Dominican-Republic,32,Cambodia,Mexico,74,Thailand,USA,33
Canada,7,Hungary,Jamaica,1,Thailand,Vietnam,66
Trinadad&Tobago,22,Philippines,Honduras,55,Thailand,USA,77
Ecuador,15,Yugoslavia,Portugal,80,Laos,USA,59
Thailand,1,France,England,69,Thailand,USA,51
Peru,34,Yugoslavia,India,80,Portugal,USA,39
Canada,27,Vietnam,Germany,20,Thailand,USA,48
Cambodia,42,Philippines,Japan,47,Trinadad&Tobago,USA,44
Scotland,46,Outlying-US(Guam-USVI-etc),Holand-Netherlands,75,Philippines,USA,48
India,19,Ecuador,Yugoslavia,100,Nicaragua,Portugal,8
Thailand,78,Columbia,Nicaragua,34,Thailand,USA,38
Hungary,13,Laos,Japan,50,Holand-Netherlands,Outlying-US(Guam-USVI-etc),48
Puerto-Rico,10,Taiwan,Poland,82,Thailand,USA,50
Haiti,95,United-States,Yugoslavia,33,Thailand,USA,33
Philippines,1,Puerto-Rico,Taiwan,69,Italy,USA,46
Ecuador,31,Columbia,Hungary,23,Thailand,USA,42
Hungary,1,France,Philippines,58,Thailand,USA,63
Iran,1,Outlying-US(Guam-USVI-etc),Laos,32,South,USA,39
Honduras,8,Vietnam,Hong,52,Thailand,USA,49
Thailand,3,Greece,Japan,67,Thailand,USA,21
Iran,6,Cuba,El-Salvador,45,Hong,USA,31
Peru,19,Mexico,Scotland,89,Thailand,USA,1
India,1,Ecuador,Yugoslavia,98,Nicaragua,Portugal,10
Philippines,12,Nicaragua,Laos,90,Thailand,Puerto-Rico,46
Peru,8,United-States,Canada,31,Thailand,USA,50
Cuba,1,Outlying-US(Guam-USVI-etc),Taiwan,93,Yugoslavia,Honduras,57
Puerto-Rico,1,Canada,Jamaica,60,Greece,USA,50
Trinadad&Tobago,61,Thailand,Italy,68,Thailand,USA,69
Nicaragua,7,Guatemala,Haiti,29,Thailand,USA,25
Yugoslavia,5,Puerto-Rico,Germany,83,Thailand,USA,46
Dominican-Republic,34,Nicaragua,Columbia,51,India,Columbia,81
India,14,Puerto-Rico,Cuba,33,Thailand,Poland,64
Philippines,12,Greece,Hungary,29,China,USA,23
Cuba,56,Canada,Taiwan,44,Thailand,Philippines,46
Hong,1,South,Guatemala,38,Yugoslavia,USA,42
Trinadad&Tobago,62,France,Laos,100,Thailand,USA,57
Ecuador,23,Japan,Portugal,100,Thailand,USA,84
Italy,42,Laos,Portugal,76,Jamaica,Iran,48
Thailand,10,Laos,Italy,81,Scotland,Scotland,46
Hong,56,Yugoslavia,Columbia,1,China,Holand-Netherlands,47
Haiti,52,South,Mexico,63,Thailand,USA,22
Holand-Netherlands,1,Holand-Netherlands,Scotland,100,Thailand,USA,63
Cambodia,1,Ecuador,Vietnam,92,Thailand,Honduras,21
Portugal,1,Laos,Honduras,94,Thailand,Ecuador,1
Philippines,29,Portugal,Peru,33,Thailand,USA,55
Nicaragua,9,India,Haiti,70,Canada,Guatemala,40
South,1,France,Jamaica,82,Peru,El-Salvador,15
Philippines,17,Ireland,Dominican-Republic,37,Honduras,Nicaragua,20
Hungary,1,Holand-Netherlands,Ecuador,6,South,USA,32
Poland,36,El-Salvador,Philippines,39,Thailand,Greece,49
South,16,Ireland,England,37,Guatemala,USA,29
Greece,17,Dominican-Republic,Mexico,35,Hong,USA,30
Scotland,1,Holand-Netherlands,Canada,100,Thailand,El-Salvador,44
Yugoslavia,43,Japan,Guatemala,56,Mexico,USA,37
India,1,Holand-Netherlands,Portugal,60,Dominican-Republic,USA,62
Philippines,1,Holand-Netherlands,China,89,Hong,USA,36
Trinadad&Tobago,18,Cambodia,Cambodia,66,England,USA,42
Nicaragua,63,Outlying-US(Guam-USVI-etc),Taiwan,98,Thailand,USA,53
Italy,10,Laos,France,57,Philippines,USA,43
Nicaragua,1,Mexico,Cambodia,15,Germany,USA,40
Peru,39,Philippines,Canada,18,Thailand,Cambodia,60
Cambodia,5,Italy,Italy,74,Italy,USA,18
Cuba,1,Greece,South,75,Thailand,USA,44
Yugoslavia,1,Vietnam,Laos,53,Thailand,USA,56
Ecuador,1,Ireland,Jamaica,40,Thailand,USA,40
Thailand,29,Puerto-Rico,Poland,41,India,El-Salvador,41
Canada,100,Nicaragua,India,19,Thailand,USA,54
Columbia,68,Yugoslavia,India,98,Thailand,USA,41
Thailand,11,France,Ecuador,58,Dominican-Republic,USA,37
Poland,1,Hong,Greece,71,Holand-Netherlands,Thailand,37
Germany,1,Jamaica,Italy,68,Iran,Mexico,55
Scotland,1,Guatemala,El-Salvador,93,Thailand,Cuba,56
Trinadad&Tobago,23,Thailand,Trinadad&Tobago,47,Thailand,Italy,68
China,19,United-States,India,75,Thailand,Puerto-Rico,48
Scotland,1,Columbia,Portugal,31,Thailand,USA,27
Greece,1,Hungary,China,66,Thailand,USA,45
India,1,England,Haiti,1,Yugoslavia,USA,69
Hungary,9,Hungary,Iran,68,Haiti,USA,41
Portugal,63,Outlying-US(Guam-USVI-etc),Italy,32,Thailand,USA,53
Canada,3,Poland,Trinadad&Tobago,1,Thailand,USA,44
Iran,9,Portugal,Hong,98,Guatemala,Philippines,55
Trinadad&Tobago,47,Trinadad&Tobago,Canada,57,Cuba,England,44
Ecuador,56,Scotland,Ecuador,54,Cuba,USA,47
Philippines,23,Jamaica,Iran,1,Nicaragua,USA,27
Philippines,21,Portugal,Canada,45,Thailand,USA,55
India,1,China,Greece,71,Yugoslavia,USA,50
Thailand,13,Germany,Trinadad&Tobago,35,Thailand,India,34
Cambodia,1,Canada,Taiwan,62,Dominican-Republic,USA,49
Nicaragua,1,Laos,Cuba,14,Thailand,USA,19
Honduras,13,El-Salvador,Italy,30,Thailand,USA,41
Canada,14,Thailand,Trinadad&Tobago,40,Ecuador,USA,24
Peru,42,Japan,Jamaica,72,Haiti,Taiwan,37
Canada,60,Italy,United-States,13,Cambodia,USA,89
Dominican-Republic,1,Hong,Puerto-Rico,80,Philippines,USA,24
Trinadad&Tobago,58,South,Hong,71,Germany,USA,33
Italy,19,Iran,Hong,88,Thailand,USA,65
Ireland,4,Outlying-US(Guam-USVI-etc),Trinadad&Tobago,1,Nicaragua,USA,72
Ecuador,21,Canada,Vietnam,41,Trinadad&Tobago,Cambodia,45
Greece,36,Cambodia,Mexico,8,Thailand,USA,56
Ecuador,1,Cuba,El-Salvador,78,Outlying-US(Guam-USVI-etc),USA,17
Scotland,13,India,England,56,Thailand,Ireland,60
Peru,23,Thailand,Hong,28,El-Salvador,Greece,66
Holand-Netherlands,38,Trinadad&Tobago,Ireland,88,Thailand,USA,37
Portugal,17,Laos,Honduras,98,Thailand,Ecuador,18
Peru,56,Vietnam,South,17,Thailand,USA,76
Trinadad&Tobago,48,France,Laos,82,Thailand,USA,40
Philippines,76,Cambodia,Ecuador,18,Philippines,Mexico,42
Cambodia,1,Poland,Canada,40,Thailand,USA,39
Ecuador,18,Ireland,England,49,Thailand,USA,64
Haiti,1,Puerto-Rico,France,86,Thailand,Poland,33
Hungary,45,Japan,China,37,Thailand,USA,57
Dominican-Republic,1,Philippines,Hungary,84,Germany,USA,49
Poland,12,Holand-Netherlands,Holand-Netherlands,23,Philippines,Japan,68
Hungary,26,Cambodia,Nicaragua,76,Taiwan,USA,68
Cuba,1,Hong,Hungary,78,Thailand,USA,27
Canada,1,Dominican-Republic,Mexico,37,Ecuador,USA,33
Jamaica,1,Laos,Laos,35,Peru,USA,62
Scotland,24,Jamaica,Trinadad&Tobago,51,Thailand,England,55
Canada,1,Philippines,Dominican-Republic,61,Hungary,USA,43
Iran,18,Canada,Hong,1,Thailand,USA,29
Portugal,14,Outlying-US(Guam-USVI-etc),Italy,86,Cambodia,USA,51
Dominican-Republic,1,Japan,Vietnam,17,South,Taiwan,14
Trinadad&Tobago,14,South,Peru,76,Italy,USA,42
Cambodia,19,Mexico,Puerto-Rico,80,Thailand,Germany,32
Hungary,41,Cuba,Iran,1,Thailand,USA,31
Greece,70,Jamaica,Peru,85,Thailand,Cambodia,35
Ecuador,1,Poland,Peru,83,Thailand,USA,64
Philippines,30,China,Puerto-Rico,92,Greece,Canada,52
Columbia,3,China,Hong,17,South,USA,35
Cuba,20,Scotland,Outlying-US(Guam-USVI-etc),72,Thailand,USA,25
Trinadad&Tobago,47,Outlying-US(Guam-USVI-etc),Honduras,1,Poland,Hong,36
India,7,Dominican-Republic,El-Salvador,30,Jamaica,Philippines,24
Haiti,60,Columbia,Greece,72,Thailand,USA,59
Yugoslavia,24,Poland,Jamaica,49,Iran,Yugoslavia,50
Ecuador,76,Canada,Ireland,42,Thailand,USA,16
Yugoslavia,4,Vietnam,Laos,97,Thailand,USA,53
Philippines,46,Ecuador,Poland,46,Jamaica,USA,38
Cuba,21,Scotland,Outlying-US(Guam-USVI-etc),45,Thailand,USA,6
Nicaragua,70,Cambodia,Trinadad&Tobago,94,Dominican-Republic,USA,5
Hungary,11,Cuba,Germany,90,Thailand,USA,26
Scotland,63,France,Thailand,83,Portugal,USA,30
Italy,19,Haiti,Laos,76,Guatemala,USA,37
Honduras,13,Ecuador,Greece,36,Cuba,Yugoslavia,60
Columbia,1,Yugoslavia,Haiti,69,Yugoslavia,Laos,54
Germany,13,Hungary,Iran,34,Italy,Peru,48
Ireland,18,Scotland,Honduras,100,Thailand,USA,40
Italy,23,Laos,France,84,Philippines,USA,41
India,24,Scotland,Cambodia,49,Nicaragua,Canada,85
Ecuador,7,Cuba,Outlying-US(Guam-USVI-etc),25,Trinadad&Tobago,South,79
Trinadad&Tobago,37,India,Yugoslavia,32,Jamaica,USA,65
Hungary,17,Holand-Netherlands,South,20,Thailand,USA,69
Germany,1,France,Thailand,92,Thailand,Ireland,64
South,34,China,Hungary,44,Thailand,China,55
Dominican-Republic,32,Trinadad&Tobago,Columbia,1,Trinadad&Tobago,Outlying-US(Guam-USVI-etc),44
Canada,1,Iran,United-States,88,Thailand,Poland,64
Mexico,1,India,Nicaragua,1,Vietnam,Germany,46
Cuba,7,Puerto-Rico,Canada,45,Thailand,Mexico,42
Cuba,1,Italy,Hong,37,Holand-Netherlands,USA,78
Trinadad&Tobago,33,Peru,China,1,Thailand,USA,52
Ecuador,26,Outlying-US(Guam-USVI-etc),Germany,1,Thailand,USA,43
Jamaica,3,Germany,Cuba,32,Thailand,USA,13
Canada,7,Hong,Vietnam,11,Thailand,USA,49
Italy,10,Germany,Italy,28,Portugal,USA,47
Holand-Netherlands,9,Germany,Taiwan,22,Thailand,USA,44
South,28,Poland,Laos,47,Puerto-Rico,Cambodia,61
Canada,2,Philippines,Dominican-Republic,19,Hungary,USA,76
Iran,9,Honduras,Taiwan,37,El-Salvador,Laos,64
Canada,8,Canada,Holand-Netherlands,81,Japan,USA,55
India,20,Poland,Hong,65,Portugal,Jamaica,29
Cuba,5,Hong,Hungary,80,Thailand,USA,24
Poland,21,Greece,Scotland,77,Yugoslavia,USA,22
India,1,Philippines,France,1,Thailand,Holand-Netherlands,75
Japan,37,Honduras,Columbia,21,Thailand,Mexico,20
Cuba,67,Cambodia,Outlying-US(Guam-USVI-etc),28,Thailand,Cambodia,41
Canada,1,Guatemala,Ireland,100,Haiti,Vietnam,42
United-States,13,Hungary,China,8,Thailand,USA,27
Cuba,1,Haiti,United-States,59,Greece,USA,1
Outlying-US(Guam-USVI-etc),27,Ireland,Honduras,27,United-States,USA,36
Cuba,20,Ecuador,Peru,50,Thailand,USA,44
Trinadad&Tobago,12,El-Salvador,Thailand,57,Thailand,USA,58
Italy,1,South,Hungary,44,Thailand,Iran,57
Holand-Netherlands,9,Guatemala,Poland,49,Dominican-Republic,Hong,42
Holand-Netherlands,9,Taiwan,Peru,10,Ireland,Dominican-Republic,46
Canada,28,Canada,Holand-Netherlands,98,Japan,USA,49
Philippines,41,Hungary,Scotland,31,Thailand,USA,57
Peru,58,India,Jamaica,73,Vietnam,USA,25
Thailand,1,Hong,Philippines,37,Jamaica,USA,38
India,19,Honduras,Dominican-Republic,83,Thailand,USA,18
Poland,31,Hungary,Ecuador,78,Italy,USA,14
Hungary,11,Ecuador,Iran,83,Thailand,USA,33
Holand-Netherlands,45,Trinadad&Tobago,Vietnam,46,Laos,USA,54
Nicaragua,1,Canada,Mexico,59,Thailand,USA,45
Portugal,73,Cuba,England,100,Thailand,USA,29
Jamaica,62,Dominican-Republic,Puerto-Rico,35,Scotland,USA,36
India,8,Honduras,Italy,77,Greece,USA,31
Nicaragua,59,Outlying-US(Guam-USVI-etc),Taiwan,77,Thailand,USA,49
Hungary,3,United-States,Puerto-Rico,22,Thailand,USA,20
Ecuador,3,Italy,Cambodia,97,Thailand,USA,37
Peru,1,Canada,Nicaragua,14,Portugal,Thailand,57
Cuba,6,Ecuador,Hong,52,Thailand,USA,49
Columbia,23,England,Canada,56,Vietnam,USA,48
Hungary,8,Yugoslavia,India,58,Thailand,USA,32
India,18,Haiti,Japan,71,Thailand,Iran,41
Italy,35,Cuba,Guatemala,70,Thailand,USA,53
Ecuador,2,Japan,Portugal,81,Thailand,USA,69
Hungary,14,Hungary,Ecuador,65,Guatemala,Yugoslavia,56
Holand-Netherlands,43,Laos,Hungary,8,Honduras,USA,52
Philippines,69,Columbia,Dominican-Republic,65,Ecuador,USA,72
Portugal,34,Vietnam,Peru,11,Thailand,USA,43
Cambodia,1,Ecuador,Vietnam,76,Thailand,Honduras,23
Greece,34,South,United-States,22,Thailand,Yugoslavia,60
Cuba,32,Ecuador,Peru,56,Thailand,USA,44
Scotland,10,Canada,Nicaragua,1,El-Salvador,USA,41
Hong,37,Honduras,Trinadad&Tobago,32,Thailand,USA,55
Jamaica,9,Laos,Dominican-Republic,35,El-Salvador,USA,64
Yugoslavia,1,China,Jamaica,80,Thailand,Iran,58
Trinadad&Tobago,30,El-Salvador,Ecuador,49,Scotland,Nicaragua,26
Canada,25,Greece,Greece,37,El-Salvador,Columbia,53
Thailand,3,Puerto-Rico,Iran,36,Thailand,El-Salvador,7
Peru,43,Vietnam,South,84,Thailand,USA,79
Ecuador,25,England,Philippines,77,Thailand,USA,66
Hungary,19,Italy,Guatemala,37,Thailand,Greece,38
Canada,53,Guatemala,Vietnam,50,Thailand,USA,19
Poland,1,Scotland,Peru,70,Thailand,USA,68
Ecuador,16,Taiwan,Vietnam,1,Thailand,Puerto-Rico,92
Scotland,34,Guatemala,Taiwan,12,Thailand,Ecuador,42
Hong,7,Iran,Italy,50,Philippines,USA,40
Yugoslavia,18,Holand-Netherlands,Trinadad&Tobago,100,Thailand,Poland,89
Poland,34,Hong,Greece,83,Holand-Netherlands,Thailand,73
Peru,4,India,England,18,Dominican-Republic,Jamaica,62
Cuba,27,Ecuador,Cuba,21,Yugoslavia,USA,30
Philippines,55,India,Nicaragua,73,Outlying-US(Guam-USVI-etc),Iran,16
Philippines,1,South,England,73,Thailand,USA,42
Cuba,1,Nicaragua,Philippines,6,Thailand,USA,53
Columbia,43,Hungary,Thailand,47,El-Salvador,USA,36
Canada,13,Hong,United-States,1,Thailand,Holand-Netherlands,46
Canada,26,Cuba,South,31,Thailand,Laos,6
Yugoslavia,39,Peru,Ireland,70,Hungary,Thailand,45
Ecuador,10,Laos,Canada,12,Cambodia,Cuba,15
Ecuador,22,Germany,Hungary,8,Thailand,Thailand,55
Hungary,1,India,Cambodia,28,Germany,Guatemala,17
Trinadad&Tobago,11,Mexico,Greece,65,Thailand,USA,30
Poland,100,Scotland,Italy,75,Thailand,Honduras,35
Ecuador,15,China,Holand-Netherlands,63,Laos,USA,67
Philippines,1,Ecuador,Laos,82,Philippines,Nicaragua,54
Canada,35,Honduras,Puerto-Rico,1,Peru,USA,30
Honduras,31,Hungary,Canada,22,Hungary,Germany,36
Poland,61,China,Greece,6,Greece,USA,100
Nicaragua,20,Laos,Cuba,21,Thailand,USA,23
Honduras,10,France,El-Salvador,39,Nicaragua,USA,11
India,31,Laos,China,16,Thailand,USA,13
Ecuador,49,Canada,Vietnam,18,Trinadad&Tobago,Cambodia,45
Hungary,1,Holand-Netherlands,Cambodia,41,Thailand,Ecuador,67
Italy,28,Iran,Hong,84,Thailand,USA,41
India,32,Philippines,France,4,Thailand,Holand-Netherlands,71
Scotland,12,Vietnam,Hong,64,Thailand,USA,64
Cambodia,7,Trinadad&Tobago,Vietnam,100,Thailand,El-Salvador,63
Ecuador,3,Scotland,Germany,88,Thailand,USA,29
Thailand,1,Canada,Guatemala,13,Hong,China,22
Haiti,4,Laos,Trinadad&Tobago,1,Laos,USA,18
Honduras,50,Scotland,Germany,97,Guatemala,Italy,38
Cuba,13,Haiti,United-States,54,Greece,USA,1
Philippines,1,Philippines,England,23,Thailand,Mexico,40
India,9,England,Haiti,16,Yugoslavia,USA,31
Iran,26,Outlying-US(Guam-USVI-etc),Laos,52,South,USA,44
Outlying-US(Guam-USVI-etc),19,Dominican-Republic,South,73,Cambodia,USA,6
Peru,53,Honduras,Hong,53,Ecuador,USA,60
Holand-Netherlands,15,Italy,Columbia,63,Mexico,USA,31
Dominican-Republic,25,Poland,Cuba,89,South,USA,58
Haiti,9,Poland,Scotland,72,Thailand,USA,59
Cambodia,1,Iran,Dominican-Republic,25,Thailand,Cambodia,37
Peru,14,France,Italy,34,Thailand,USA,57
India,1,Outlying-US(Guam-USVI-etc),Poland,70,Columbia,Iran,45
Ecuador,10,Scotland,Holand-Netherlands,1,Thailand,USA,46
Columbia,14,Hungary,Cuba,94,China,China,37
South,31,India,Holand-Netherlands,85,Cuba,Mexico,40
Greece,17,Guatemala,Scotland,17,Hong,Dominican-Republic,64
Outlying-US(Guam-USVI-etc),50,Greece,Haiti,65,Columbia,USA,47
Columbia,4,Nicaragua,France,14,Thailand,South,58
Cuba,29,Scotland,England,63,Greece,France,27
Greece,9,Hong,Dominican-Republic,100,Thailand,USA,89
South,30,Ireland,Cuba,85,Thailand,Canada,64
Cambodia,1,Iran,Dominican-Republic,8,Thailand,Cambodia,57
Honduras,15,Iran,Greece,31,Laos,Peru,70
Honduras,80,Outlying-US(Guam-USVI-etc),Jamaica,100,Honduras,Nicaragua,55
Scotland,16,China,Haiti,26,Hong,USA,44
Canada,1,Scotland,Ireland,91,France,USA,68
Philippines,38,Germany,Peru,66,Hong,Cuba,53
Ecuador,16,Hungary,South,45,Puerto-Rico,USA,52
Honduras,50,Outlying-US(Guam-USVI-etc),Italy,47,Thailand,USA,22
Trinadad&Tobago,22,England,Holand-Netherlands,34,Thailand,China,34
Canada,1,Canada,Ecuador,100,Thailand,Taiwan,21
Jamaica,1,Germany,Cuba,31,Thailand,USA,33
Portugal,6,Vietnam,Peru,2,Thailand,USA,47
Canada,39,Vietnam,Holand-Netherlands,65,Philippines,England,67
Puerto-Rico,17,Taiwan,Poland,100,Thailand,USA,40
Philippines,50,Germany,Peru,63,Hong,Cuba,66
Holand-Netherlands,7,Holand-Netherlands,Scotland,62,Thailand,France,26
El-Salvador,4,China,Puerto-Rico,80,Thailand,USA,15
Philippines,38,Taiwan,El-Salvador,16,Holand-Netherlands,USA,77
Scotland,3,China,Cuba,1,Trinadad&Tobago,USA,39
India,20,United-States,South,36,Philippines,USA,47
Canada,6,Portugal,Poland,78,Thailand,Ireland,59
Columbia,38,Thailand,Canada,64,Thailand,Honduras,58
Italy,12,Ireland,Poland,50,Thailand,USA,42
South,22,Portugal,Poland,100,Thailand,USA,1
Hungary,29,Italy,Ireland,37,Thailand,Dominican-Republic,63
Thailand,1,Cuba,Dominican-Republic,48,Yugoslavia,USA,76
Trinadad&Tobago,17,Nicaragua,Jamaica,66,Thailand,Hungary,72
Ecuador,62,Iran,Ireland,32,Hungary,USA,46
Scotland,55,Hong,Japan,57,Canada,USA,79
Nicaragua,74,Jamaica,Thailand,11,Thailand,Jamaica,32
Cambodia,8,Canada,Honduras,76,Thailand,Honduras,57
Philippines,28,Hungary,Peru,90,Taiwan,USA,92
Dominican-Republic,13,Hong,Puerto-Rico,77,Philippines,USA,8
India,1,Honduras,Dominican-Republic,97,Thailand,USA,36
India,9,Ireland,Iran,74,Germany,USA,41
Scotland,1,Nicaragua,Peru,100,Germany,USA,19
China,1,Scotland,Italy,100,Thailand,Mexico,28
Cambodia,1,Ireland,Canada,100,Greece,USA,56
Poland,20,Holand-Netherlands,Holand-Netherlands,1,Philippines,Japan,78
Thailand,1,Peru,Philippines,19,Thailand,Vietnam,43
India,13,Puerto-Rico,Cambodia,36,Hungary,USA,28
Cuba,27,Outlying-US(Guam-USVI-etc),Taiwan,100,Yugoslavia,Honduras,47
Haiti,16,Hong,Scotland,16,India,Hong,37
Canada,50,Philippines,Cambodia,58,Thailand,El-Salvador,39
Scotland,30,Ireland,Vietnam,69,Canada,USA,54
Nicaragua,33,Holand-Netherlands,Greece,89,Thailand,USA,43
Hungary,30,Philippines,Portugal,69,Hungary,USA,47
India,18,Italy,Haiti,1,Thailand,Outlying-US(Guam-USVI-etc),33
Honduras,24,Columbia,Holand-Netherlands,97,Thailand,USA,50
Nicaragua,12,United-States,Vietnam,38,Thailand,USA,40
Dominican-Republic,15,England,Poland,100,Nicaragua,USA,44
Scotland,1,Jamaica,Trinadad&Tobago,81,Thailand,England,28
Ecuador,8,Scotland,Italy,84,Yugoslavia,USA,43
Canada,34,Cuba,Cuba,1,Puerto-Rico,USA,41
England,8,France,Germany,92,Thailand,Yugoslavia,11
Poland,13,Scotland,El-Salvador,100,Thailand,USA,46
Dominican-Republic,1,Honduras,Laos,89,Honduras,Guatemala,1
Italy,7,Cuba,Guatemala,34,Thailand,USA,57
Thailand,1,Cambodia,United-States,53,Thailand,USA,38
Ecuador,9,Jamaica,Ireland,66,Thailand,Puerto-Rico,73
